id,name,model_id:id,group_id:id,perm_read,perm_write,perm_create,perm_unlink
access_purchase_bulk_email_wizard_user,purchase.bulk.email.wizard.user,model_purchase_bulk_email_wizard,base.group_user,1,1,1,1
access_sale_dianke_email_wizard_user,sale.dianke.email.wizard.user,model_sale_dianke_email_wizard,base.group_user,1,1,1,1
access_sale_confirm_payment_wizard_user,sale.confirm.payment.wizard.user,model_sale_confirm_payment_wizard,base.group_user,1,1,1,1
access_res_partner_pricing_wizard_user,res.partner.pricing.wizard.user,model_res_partner_pricing_wizard,base.group_user,1,1,1,1
access_res_partner_pricing_wizard_line_user,res.partner.pricing.wizard.line.user,model_res_partner_pricing_wizard_line,base.group_user,1,1,1,1
access_shop_search_synonym_manager,shop.search.synonym.manager,model_shop_search_synonym,sales_team.group_sale_manager,1,1,1,1
access_shop_search_synonym_user,shop.search.synonym.user,model_shop_search_synonym,base.group_user,1,0,0,0
access_dkh_banner_manager,dkh.banner.manager,model_dkh_banner,sales_team.group_sale_manager,1,1,1,1
access_dkh_banner_public,dkh.banner.public,model_dkh_banner,base.group_public,1,0,0,0
access_dkh_banner_user,dkh.banner.user,model_dkh_banner,base.group_user,1,0,0,0
access_dkh_quick_alias_manager,dkh.quick.alias.manager,model_dkh_quick_alias,sales_team.group_sale_manager,1,1,1,1
access_dkh_quick_alias_user,dkh.quick.alias.user,model_dkh_quick_alias,base.group_user,1,0,0,0
